17,cavalhada 2,-16.0645290,-57.6750150,Cáceres,2026-06-18 20:12:20,2026-06-18 20:12:20,"{""type"":""Polygon"",""coordinates"":[[[-57.67539,-16.058586],[-57.672644,-16.056855],[-57.672987,-16.058998],[-57.669683,-16.063738],[-57.670026,-16.063861],[-57.670884,-16.065963],[-57.669597,-16.068353],[-57.673631,-16.070125],[-57.67406,-16.069672],[-57.675219,-16.071114],[-57.675905,-16.069713],[-57.681465407,-16.067501395],[-57.681389756,-16.067326991],[-57.67817999,-16.061639007],[-57.677561745,-16.060584113],[-57.677559963,-16.060580132],[-57.677559087,-16.060575861],[-57.677301637,-16.057820751],[-57.67539,-16.058586]]]}"
18,cavalhada 3,-16.0604110,-57.6689110,Cáceres,2026-06-18 20:12:20,2026-06-18 20:12:20,"{""type"":""Polygon"",""coordinates"":[[[-57.670755,-16.055008],[-57.669597,-16.055873],[-57.668138,-16.056368],[-57.664747,-16.061771],[-57.665005,-16.063481],[-57.665541,-16.064264],[-57.668095,-16.065129],[-57.670693561,-16.06554937],[-57.670010854,-16.063876816],[-57.669676249,-16.063756826],[-57.669672576,-16.063755069],[-57.669669336,-16.063752605],[-57.669666662,-16.063749535],[-57.669664664,-16.063745987],[-57.669663427,-16.063742109],[-57.669663,-16.06373806],[-57.669663402,-16.063734009],[-57.669664617,-16.063730123],[-57.669666593,-16.063726563],[-57.672965975,-16.058993188],[-57.672624251,-16.056858161],[-57.67262401,-16.056854354],[-57.672624496,-16.056850571],[-57.672625692,-16.056846949],[-57.672627553,-16.05684362],[-57.672629727,-16.056841044],[-57.670755,-16.055008]]]}"
20,são miguel,-16.0766250,-57.6919100,Cáceres,2026-06-18 20:12:21,2026-06-18 20:12:21,"{""type"":""Polygon"",""coordinates"":[[[-57.688866,-16.078078],[-57.687922,-16.082545],[-57.690325,-16.084605],[-57.692041,-16.080567],[-57.697406,-16.079491],[-57.69423,-16.07383],[-57.696977,-16.071645],[-57.695231089,-16.069898097],[-57.695228659,-16.06990025],[-57.695225093,-16.06990229],[-57.687028093,-16.07352929],[-57.687027474,-16.073529491],[-57.688866,-16.078078]]]}"
15,centro,-16.0678960,-57.6880160,Cáceres,2026-06-18 20:12:21,2026-06-18 20:12:21,"{""type"":""Polygon"",""coordinates"":[[[-57.68702,-16.073511],[-57.695217,-16.069884],[-57.693672,-16.067],[-57.690282,-16.066258],[-57.68878,-16.063538],[-57.688866,-16.06226],[-57.685175,-16.063249],[-57.681055,-16.066505],[-57.681484,-16.067494],[-57.682557,-16.067206],[-57.683802,-16.070173],[-57.685475,-16.069513],[-57.68702,-16.073511]]]}"
16,cavalhada 1,-16.0604790,-57.6827640,Cáceres,2026-06-18 20:12:21,2026-06-18 20:12:21,"{""type"":""Polygon"",""coordinates"":[[[-57.689939,-16.061564],[-57.689767,-16.061069],[-57.686548,-16.057896],[-57.685132,-16.056989],[-57.684102,-16.057525],[-57.683287,-16.055629],[-57.681785,-16.055464],[-57.677321,-16.057813],[-57.677579,-16.060574],[-57.681044789,-16.066487578],[-57.685162599,-16.063233309],[-57.685166026,-16.063231126],[-57.685169824,-16.063229681],[-57.688860824,-16.062240681],[-57.688864565,-16.062240052],[-57.688868358,-16.062240139],[-57.688872066,-16.062240942],[-57.688875555,-16.06224243],[-57.688878701,-16.062244551],[-57.68888139,-16.062247227],[-57.688882708,-16.062249163],[-57.689939,-16.061564]]]}"
21,são luiz da ponte,-16.0794880,-57.6972140,Cáceres,2026-06-18 20:12:21,2026-06-18 20:12:21,"{""type"":""Polygon"",""coordinates"":[[[-57.694831,-16.088435],[-57.697363,-16.085961],[-57.702684,-16.075741],[-57.696993177,-16.071656611],[-57.696992144,-16.071658063],[-57.69698945,-16.071660652],[-57.69425577,-16.073835058],[-57.697423442,-16.079481214],[-57.697424967,-16.079484654],[-57.69742582,-16.079488319],[-57.697425971,-16.079492079],[-57.697425415,-16.0794958],[-57.697424173,-16.079499352],[-57.697422287,-16.079502608],[-57.697419824,-16.079505453],[-57.697416873,-16.079507786],[-57.697413536,-16.079509526],[-57.697409933,-16.07951061],[-57.69205528,-16.080584534],[-57.692050885,-16.080594876],[-57.694831,-16.088435]]]}"
22,vila irene,-16.0503280,-57.6709070,Cáceres,2026-06-18 20:12:21,2026-06-18 20:12:21,"{""type"":""Polygon"",""coordinates"":[[[-57.675304,-16.054918],[-57.67509,-16.053682],[-57.675133,-16.051333],[-57.674618,-16.049931],[-57.672944,-16.045686],[-57.671399,-16.043172],[-57.663503,-16.047088],[-57.670741426,-16.054993176],[-57.670743031,-16.054991977],[-57.670746494,-16.054989899],[-57.670750303,-16.054988559],[-57.670754304,-16.054988012],[-57.670758333,-16.05498828],[-57.670762226,-16.054989351],[-57.670765825,-16.054991183],[-57.670768982,-16.0549937],[-57.672643709,-16.056826744],[-57.672646126,-16.056829596],[-57.67264797,-16.056832848],[-57.672648946,-16.056835709],[-57.672651259,-16.056836364],[-57.672654665,-16.056838081],[-57.675392037,-16.058563642],[-57.677290163,-16.057803801],[-57.675304,-16.054918]]]}"
23,santa rosa,-16.0474100,-57.6771790,Cáceres,2026-06-18 20:12:21,2026-06-18 20:12:21,"{""type"":""Polygon"",""coordinates"":[[[-57.685432,-16.051815],[-57.68157,-16.048024],[-57.67951,-16.045139],[-57.679939,-16.041841],[-57.674532,-16.041677],[-57.677536,-16.036648],[-57.669983,-16.037473],[-57.669983,-16.041677],[-57.671384613,-16.043156811],[-57.671390114,-16.043154083],[-57.671393562,-16.043152754],[-57.671397195,-16.043152082],[-57.67140089,-16.04315209],[-57.671404521,-16.043152777],[-57.671407963,-16.043154121],[-57.671411099,-16.043156075],[-57.671413822,-16.043158572],[-57.671416039,-16.043161528],[-57.672961039,-16.045675528],[-57.672962606,-16.045678663],[-57.674636606,-16.049923663],[-57.674636773,-16.049924104],[-57.675151773,-16.051326104],[-57.675152722,-16.051329678],[-57.675152997,-16.051333366],[-57.675112819,-16.053528177],[-57.67522553,-16.054347548],[-57.675322959,-16.05491027],[-57.677306638,-16.057792462],[-57.677308556,-16.057795946],[-57.677308925,-16.057797121],[-57.677311687,-16.057795301],[-57.681775687,-16.055446301],[-57.681779349,-16.055444815],[-57.681783232,-16.055444078],[-57.681787184,-16.05544412],[-57.683289184,-16.05560912],[-57.683293301,-16.055610018],[-57.683296786,-16.0556116],[-57.685432,-16.051815]]]}"
24,massa barro,-16.0521070,-57.6654060,Cáceres,2026-06-18 20:12:21,2026-06-18 20:12:21,"{""type"":""Polygon"",""coordinates"":[[[-57.660499,-16.051326],[-57.668121347,-16.056357009],[-57.668123898,-16.056353818],[-57.668127464,-16.056351],[-57.668131574,-16.05634906],[-57.669587571,-16.055855079],[-57.670725322,-16.055005205],[-57.663491167,-16.047104693],[-57.660499,-16.051326]]]}"
25,coahb nova,-16.0441580,-57.6557920,Cáceres,2026-06-18 20:12:21,2026-06-18 20:12:21,"{""type"":""Polygon"",""coordinates"":[[[-57.652988,-16.036333],[-57.648096,-16.043463],[-57.660482173,-16.051315333],[-57.660482683,-16.051314434],[-57.66347485,-16.047093127],[-57.663477447,-16.047090141],[-57.66348058,-16.047087725],[-57.663483069,-16.047086496],[-57.663483067,-16.047086369],[-57.66348382,-16.047082331],[-57.663485383,-16.047078532],[-57.663487689,-16.047075133],[-57.663489092,-16.047073775],[-57.652988,-16.036333]]]}"
26,cidade alta,-16.0705910,-57.6792540,Cáceres,2026-06-18 20:12:21,2026-06-18 20:12:21,"{""type"":""Polygon"",""coordinates"":[[[-57.676828,-16.072715],[-57.675755,-16.073807],[-57.676077,-16.074837],[-57.680111,-16.072365],[-57.680969,-16.071293],[-57.683783397,-16.070180355],[-57.682545316,-16.067229844],[-57.681489185,-16.067513316],[-57.681485176,-16.067513965],[-57.681481119,-16.067513791],[-57.681481003,-16.067513762],[-57.681479457,-16.067515628],[-57.681476347,-16.067518138],[-57.681472799,-16.067519979],[-57.675919567,-16.06972873],[-57.675236962,-16.071122795],[-57.675234846,-16.071126203],[-57.675233111,-16.071128041],[-57.676828,-16.072715]]]}"
38,aroldo fanaia,-16.0938170,-57.6606050,Cáceres,2026-06-18 20:12:23,2026-06-18 20:12:23,"{""type"":""Polygon"",""coordinates"":[[[-57.667022,-16.095472],[-57.664919,-16.089427],[-57.665799,-16.089149],[-57.665777,-16.088957],[-57.664232,-16.087536],[-57.663545688,-16.086986559],[-57.661844131,-16.088955079],[-57.661842742,-16.088956532],[-57.659010936,-16.091634348],[-57.654633126,-16.096002158],[-57.654629633,-16.096004939],[-57.649098411,-16.099476948],[-57.667022,-16.095472]]]}"
27,lava pés,-16.0751390,-57.6725660,Cáceres,2026-06-18 20:12:22,2026-06-18 20:12:22,"{""type"":""Polygon"",""coordinates"":[[[-57.674274,-16.072632],[-57.672172,-16.074198],[-57.669983,-16.07461],[-57.667665,-16.075352],[-57.671142,-16.078607],[-57.673588,-16.076505],[-57.676060468,-16.074848079],[-57.676059496,-16.074846675],[-57.676057911,-16.074842968],[-57.675735911,-16.073812968],[-57.675735076,-16.073808739],[-57.675735166,-16.07380443],[-57.675736177,-16.07380024],[-57.675738062,-16.073796364],[-57.675740734,-16.073792983],[-57.676799805,-16.072715159],[-57.675219004,-16.071142218],[-57.675216546,-16.071139248],[-57.675214704,-16.071135862],[-57.67521389,-16.07113328],[-57.675213262,-16.071133159],[-57.675209553,-16.071131628],[-57.675208477,-16.071130904],[-57.674274,-16.072632]]]}"
28,espirito santo,-16.0714410,-57.6692410,Cáceres,2026-06-18 20:12:22,2026-06-18 20:12:22,"{""type"":""Polygon"",""coordinates"":[[[-57.665949,-16.067247],[-57.664382,-16.072468],[-57.667650007,-16.075338829],[-57.667652302,-16.075336548],[-57.667655432,-16.075334437],[-57.667658903,-16.075332952],[-57.669976903,-16.074590952],[-57.669979301,-16.074590345],[-57.672163758,-16.0741792],[-57.674259019,-16.07261822],[-57.675191498,-16.071120334],[-57.675193947,-16.07111716],[-57.675195088,-16.071116174],[-57.674058766,-16.069702389],[-57.673645522,-16.070138752],[-57.673642428,-16.070141414],[-57.673638858,-16.070143392],[-57.673634961,-16.070144604],[-57.673630899,-16.070145],[-57.673626841,-16.070144563],[-57.673622956,-16.070143311],[-57.669588956,-16.068371311],[-57.669585375,-16.068369275],[-57.669582287,-16.068366547],[-57.669579824,-16.068363245],[-57.669578089,-16.068359509],[-57.669577156,-16.068355496],[-57.669577066,-16.068351377],[-57.669577821,-16.068347327],[-57.669577873,-16.068347201],[-57.665949,-16.067247]]]}"
29,joaquim murtinho,-16.0680160,-57.6580790,Cáceres,2026-06-18 20:12:22,2026-06-18 20:12:22,"{""type"":""Polygon"",""coordinates"":[[[-57.663438,-16.062428],[-57.649899,-16.060967],[-57.649641,-16.06583],[-57.649984,-16.074319],[-57.666865577,-16.074676356],[-57.6643688,-16.072483026],[-57.664366197,-16.072480258],[-57.664364164,-16.072477048],[-57.664362775,-16.072473512],[-57.664362079,-16.072469777],[-57.664362103,-16.072465977],[-57.664362844,-16.072462251],[-57.665929844,-16.067241251],[-57.665931337,-16.067237618],[-57.665933511,-16.067234347],[-57.665936283,-16.067231564],[-57.665939545,-16.067229376],[-57.665943171,-16.067227868],[-57.665947023,-16.067227098],[-57.66595095,-16.067227095],[-57.665954803,-16.06722786],[-57.669583676,-16.068328061],[-57.669586967,-16.068329448],[-57.670861918,-16.065961824],[-57.670701101,-16.065567842],[-57.67069802,-16.065568867],[-57.670694205,-16.06556936],[-57.670690367,-16.065569113],[-57.668091806,-16.065148743],[-57.668088584,-16.065147943],[-57.665534584,-16.064282943],[-57.665530697,-16.064281142],[-57.665527282,-16.064278554],[-57.665524496,-16.064275297],[-57.664988496,-16.063492297],[-57.66498639,-16.063488326],[-57.664985224,-16.063483984],[-57.664982492,-16.063465875],[-57.663438,-16.062428]]]}"
30,betel,-16.0599440,-57.6575120,Cáceres,2026-06-18 20:12:22,2026-06-18 20:12:22,"{""type"":""Polygon"",""coordinates"":[[[-57.66052,-16.058599],[-57.657945,-16.05794],[-57.65492,-16.056126],[-57.649917764,-16.060948909],[-57.663440146,-16.062408115],[-57.66344485,-16.06240921],[-57.663449155,-16.0624114],[-57.664978446,-16.06343906],[-57.664727224,-16.061773984],[-57.664727008,-16.061770444],[-57.66472742,-16.061766922],[-57.664728448,-16.061763527],[-57.66473006,-16.061760368],[-57.665093577,-16.061181163],[-57.66052,-16.058599]]]}"
31,jardim padre paulo,-16.0515000,-57.6502320,Cáceres,2026-06-18 20:12:22,2026-06-18 20:12:22,"{""type"":""Polygon"",""coordinates"":[[[-57.658812856,-16.050280734],[-57.648085291,-16.043479892],[-57.648084811,-16.043479514],[-57.641702,-16.0529],[-57.651695604,-16.059207021],[-57.654906118,-16.056111602],[-57.654909033,-16.056109275],[-57.654912329,-16.05610753],[-57.654915892,-16.056106426],[-57.654919598,-16.056106004],[-57.654923318,-16.056106277],[-57.654926922,-16.056107236],[-57.654930286,-16.056108848],[-57.654931099,-16.056109335],[-57.658812856,-16.050280734]]]}"
32,vila nova,-16.0558600,-57.6615350,Cáceres,2026-06-18 20:12:22,2026-06-18 20:12:22,"{""type"":""Polygon"",""coordinates"":[[[-57.659953399,-16.051003792],[-57.658834818,-16.050294657],[-57.657931823,-16.051639719],[-57.65494827,-16.056119633],[-57.657952784,-16.057921348],[-57.660524959,-16.058579624],[-57.660529833,-16.058581584],[-57.66510341,-16.061163747],[-57.665104171,-16.061164285],[-57.668110689,-16.056373893],[-57.66811033,-16.056373701],[-57.662963941,-16.052976909],[-57.659953399,-16.051003792]]]}"
33,aeroporto,-16.0455120,-57.6351550,Cáceres,2026-06-18 20:12:22,2026-06-18 20:12:22,"{""type"":""Polygon"",""coordinates"":[[[-57.635565,-16.035557],[-57.629642,-16.031682],[-57.625523,-16.056672],[-57.631788,-16.057661],[-57.633419,-16.050902],[-57.640371,-16.05527],[-57.641692194,-16.052917461],[-57.641691326,-16.052916913],[-57.641688172,-16.05291445],[-57.641685573,-16.052911408],[-57.64168363,-16.052907909],[-57.641682424,-16.052904094],[-57.641682,-16.052900115],[-57.641682378,-16.052896131],[-57.641683541,-16.052892302],[-57.641685443,-16.052888782],[-57.648068254,-16.043468296],[-57.648070888,-16.043465156],[-57.648074108,-16.043462619],[-57.648076141,-16.043461606],[-57.648076397,-16.043459035],[-57.648077582,-16.043455203],[-57.648079138,-16.043452362],[-57.635565,-16.035557]]]}"
34,são jorge,-16.0756680,-57.6588880,Cáceres,2026-06-18 20:12:22,2026-06-18 20:12:22,"{""type"":""Polygon"",""coordinates"":[[[-57.653847,-16.077717],[-57.667640236,-16.075356239],[-57.667639846,-16.075356056],[-57.667636807,-16.075353855],[-57.66688054,-16.0746895],[-57.666879824,-16.074690393],[-57.666876693,-16.074692982],[-57.666873104,-16.074694886],[-57.666869203,-16.074696024],[-57.666865154,-16.074696352],[-57.653123471,-16.074405462],[-57.653847,-16.077717]]]}"
35,DNER,-16.0799360,-57.6630870,Cáceres,2026-06-18 20:12:22,2026-06-18 20:12:22,"{""type"":""Polygon"",""coordinates"":[[[-57.657967,-16.082378],[-57.664404,-16.085963],[-57.671128506,-16.078621732],[-57.671128332,-16.078621601],[-57.667654788,-16.075369836],[-57.667653929,-16.075370816],[-57.667650847,-16.075373192],[-57.667647363,-16.075374926],[-57.66764361,-16.075375952],[-57.653862579,-16.077734624],[-57.657967,-16.082378]]]}"
36,santos dumont,-16.0871370,-57.6545610,Cáceres,2026-06-18 20:12:22,2026-06-18 20:12:22,"{""type"":""Polygon"",""coordinates"":[[[-57.650585,-16.08795],[-57.65095,-16.088163],[-57.649255,-16.090305],[-57.64904,-16.09949],[-57.654619,-16.095988],[-57.658997,-16.09162],[-57.661829,-16.088942],[-57.664390642,-16.085978453],[-57.657957269,-16.082395473],[-57.657954462,-16.082393582],[-57.657952015,-16.082391246],[-57.653847594,-16.07774787],[-57.65384533,-16.077744746],[-57.653843707,-16.077741246],[-57.653842787,-16.0777375],[-57.653842741,-16.077736536],[-57.653839167,-16.077735402],[-57.653835821,-16.077733584],[-57.653832881,-16.077731166],[-57.653830453,-16.077728233],[-57.653828624,-16.077724894],[-57.653827461,-16.077721269],[-57.653103932,-16.074409731],[-57.653103473,-16.074405748],[-57.653103534,-16.07440504],[-57.649984883,-16.074339023],[-57.650585,-16.08795]]]}"
37,lobo,-16.0900970,-57.6465840,Cáceres,2026-06-18 20:12:22,2026-06-18 20:12:22,"{""type"":""Polygon"",""coordinates"":[[[-57.648311,-16.08626],[-57.641873,-16.090216],[-57.643676,-16.092976],[-57.649172309,-16.092982975],[-57.649235005,-16.090304532],[-57.649235567,-16.09030027],[-57.649237027,-16.090296227],[-57.649239316,-16.090292589],[-57.650920017,-16.08816866],[-57.65057492,-16.087967274],[-57.650571693,-16.087964931],[-57.650568996,-16.087961994],[-57.650566935,-16.087958581],[-57.650565591,-16.087954827],[-57.650565019,-16.087950881],[-57.650564302,-16.087934618],[-57.648311,-16.08626]]]}"
40,nova era,-16.1007190,-57.6637230,Cáceres,2026-06-18 20:12:23,2026-06-18 20:12:23,"{""type"":""Polygon"",""coordinates"":[[[-57.666678,-16.108717],[-57.666979,-16.107439],[-57.667451,-16.107522],[-57.668352,-16.104555],[-57.667193,-16.104185],[-57.66685,-16.102578],[-57.668438,-16.102124],[-57.668481,-16.101053],[-57.669511,-16.100394],[-57.669082,-16.099158],[-57.669683,-16.097662],[-57.669253,-16.097085],[-57.668588,-16.095066],[-57.667041277,-16.095467002],[-57.667041783,-16.095469061],[-57.667041984,-16.095472796],[-57.667041486,-16.095476504],[-57.667040307,-16.095480053],[-57.667038487,-16.095483322],[-57.66703609,-16.095486194],[-57.667033201,-16.095488569],[-57.66702992,-16.095490365],[-57.667026361,-16.095491519],[-57.654545075,-16.098280408],[-57.666678,-16.108717]]]}"
41,vitoria regia,-16.1032920,-57.6725430,Cáceres,2026-06-18 20:12:23,2026-06-18 20:12:23,"{""type"":""Polygon"",""coordinates"":[[[-57.670326,-16.111843],[-57.674618,-16.108093],[-57.676635,-16.105827],[-57.677794,-16.099729],[-57.678652,-16.096639],[-57.673116,-16.095568],[-57.672343,-16.098287],[-57.669702391,-16.097666556],[-57.669701558,-16.097669456],[-57.669103348,-16.099158512],[-57.669529894,-16.100387442],[-57.669530795,-16.100391145],[-57.669530977,-16.100394951],[-57.669530435,-16.100398722],[-57.669529186,-16.100402322],[-57.669527278,-16.100405621],[-57.669524778,-16.100408497],[-57.669521779,-16.100410847],[-57.668500565,-16.101064225],[-57.668457984,-16.102124802],[-57.668457384,-16.102128925],[-57.668455943,-16.102132835],[-57.668453723,-16.102136361],[-57.668450821,-16.10213935],[-57.668447362,-16.102141673],[-57.668443498,-16.10214323],[-57.666873459,-16.102592095],[-57.667210137,-16.104169476],[-57.668358082,-16.104535947],[-57.668361651,-16.104537483],[-57.668364856,-16.10453968],[-57.668367576,-16.104542454],[-57.668369708,-16.104545703],[-57.668371171,-16.104549302],[-57.668371911,-16.104553116],[-57.6683719,-16.104557002],[-57.668371137,-16.104560811],[-57.667470137,-16.107527811],[-57.667468533,-16.107531623],[-57.667466179,-16.107535023],[-57.667463176,-16.107537867],[-57.667459652,-16.107540032],[-57.667455759,-16.107541426],[-57.667451661,-16.107541989],[-57.667447536,-16.107541698],[-57.666994138,-16.107461969],[-57.666697467,-16.108721585],[-57.666696126,-16.108725452],[-57.666694027,-16.108728964],[-57.666693117,-16.108729954],[-57.670326,-16.111843]]]}"
42,santo antonio,-16.1123740,-57.6807890,Cáceres,2026-06-18 20:12:23,2026-06-18 20:12:23,"{""type"":""Polygon"",""coordinates"":[[[-57.676892,-16.116427],[-57.67951,-16.117663],[-57.690582,-16.117828],[-57.687492,-16.109135],[-57.684038,-16.109247],[-57.676977112,-16.104134115],[-57.676654648,-16.105830734],[-57.676653663,-16.105834189],[-57.676652077,-16.105837411],[-57.676649939,-16.105840298],[-57.674632939,-16.108106298],[-57.674631159,-16.108108061],[-57.670342896,-16.111854796],[-57.676892,-16.116427]]]}"
43,vila real,-16.1119160,-57.6944510,Cáceres,2026-06-18 20:12:23,2026-06-18 20:12:23,"{""type"":""Polygon"",""coordinates"":[[[-57.702599,-16.117922],[-57.697792,-16.106881],[-57.697642,-16.106548],[-57.691784,-16.104468],[-57.690454,-16.103862],[-57.689466,-16.105881],[-57.689166,-16.1079],[-57.687508009,-16.109123189],[-57.687509032,-16.109124515],[-57.687510845,-16.109128301],[-57.690600845,-16.117821301],[-57.690601779,-16.117825035],[-57.690601943,-16.117828156],[-57.702599,-16.117922]]]}"
44,garces,-16.1101750,-57.7091230,Cáceres,2026-06-18 20:12:23,2026-06-18 20:12:23,"{""type"":""Polygon"",""coordinates"":[[[-57.707233,-16.118004],[-57.708907,-16.116974],[-57.716203,-16.11281],[-57.718048,-16.11417],[-57.720366,-16.114376],[-57.720194,-16.113222],[-57.716331,-16.110009],[-57.71616,-16.107578],[-57.716246,-16.105641],[-57.717876,-16.103252],[-57.71822,-16.101768],[-57.705259,-16.103911],[-57.705688,-16.104694],[-57.703972,-16.105065],[-57.706547,-16.107784],[-57.706933,-16.110132],[-57.697668549,-16.106558241],[-57.697810235,-16.106872786],[-57.697810337,-16.106873016],[-57.702617337,-16.117914016],[-57.702618553,-16.117917798],[-57.702618998,-16.117921744],[-57.702618945,-16.117922353],[-57.707233,-16.118004]]]}"
45,empa,-16.0993760,-57.7067270,Cáceres,2026-06-18 20:12:23,2026-06-18 20:12:23,"{""type"":""Polygon"",""coordinates"":[[[-57.715302,-16.099657],[-57.712169,-16.098751],[-57.708864,-16.096485],[-57.706718,-16.09496],[-57.703414,-16.09426],[-57.697535,-16.097762],[-57.699294,-16.10077],[-57.701354,-16.100193],[-57.705244578,-16.103897268],[-57.705245569,-16.103896181],[-57.705248623,-16.103893903],[-57.705252054,-16.103892245],[-57.705255737,-16.103891268],[-57.718197192,-16.1017515],[-57.715302,-16.099657]]]}"
46,jardim imperial,-16.0918650,-57.6998050,Cáceres,2026-06-18 20:12:23,2026-06-18 20:12:23,"{""type"":""Polygon"",""coordinates"":[[[-57.702212,-16.091167],[-57.702641,-16.089519],[-57.704487,-16.08717],[-57.704251,-16.086696],[-57.69629,-16.088674],[-57.696633,-16.090875],[-57.696805,-16.095326],[-57.69752908,-16.097742247],[-57.703403765,-16.094242817],[-57.703406767,-16.094241389],[-57.702212,-16.091167]]]}"
47,jardim paraiso,-16.0833970,-57.7013000,Cáceres,2026-06-18 20:12:23,2026-06-18 20:12:23,"{""type"":""Polygon"",""coordinates"":[[[-57.694938,-16.089047],[-57.696270593,-16.088679354],[-57.696270239,-16.08867708],[-57.696270009,-16.088673387],[-57.696270464,-16.088669716],[-57.696271587,-16.088666191],[-57.696273341,-16.088662934],[-57.696275664,-16.088660055],[-57.696278477,-16.088657653],[-57.696281685,-16.08865581],[-57.696285177,-16.08865459],[-57.704246177,-16.08667659],[-57.704249994,-16.086676025],[-57.704253848,-16.086676204],[-57.704257595,-16.086677119],[-57.704261098,-16.086678736],[-57.704264224,-16.086680996],[-57.704266859,-16.086683814],[-57.704268904,-16.086687086],[-57.704482272,-16.08711563],[-57.704068,-16.082352],[-57.706289,-16.081728],[-57.703886,-16.078506],[-57.703425,-16.076837],[-57.702572907,-16.075997684],[-57.69738074,-16.085970236],[-57.69737906,-16.08597292],[-57.697376977,-16.085975305],[-57.694844977,-16.088449305],[-57.69484185,-16.088451801],[-57.694838289,-16.088453624],[-57.694834444,-16.0884547],[-57.694938,-16.089047]]]}"
48,jardim panorama,-16.1037000,-57.6986640,Cáceres,2026-06-18 20:12:23,2026-06-18 20:12:23,"{""type"":""Polygon"",""coordinates"":[[[-57.690539,-16.101354],[-57.690454677,-16.103842026],[-57.690454834,-16.103842017],[-57.69045865,-16.103842548],[-57.690462293,-16.1038438],[-57.690858041,-16.104024119],[-57.692891211,-16.104839914],[-57.697648692,-16.106529153],[-57.69765233,-16.106530874],[-57.69765555,-16.10653329],[-57.697658221,-16.106536301],[-57.697660235,-16.106539786],[-57.697660338,-16.106540013],[-57.697660408,-16.106539973],[-57.697664138,-16.106538734],[-57.697668038,-16.106538248],[-57.697671959,-16.106538534],[-57.697675747,-16.106539581],[-57.706907597,-16.110100764],[-57.70652826,-16.107793298],[-57.703957479,-16.105078752],[-57.703955117,-16.105075722],[-57.703953379,-16.105072297],[-57.703952327,-16.105068602],[-57.703952001,-16.105064774],[-57.703952413,-16.105060955],[-57.703953548,-16.105057285],[-57.703955363,-16.1050539],[-57.703957792,-16.105050924],[-57.703960746,-16.105048467],[-57.703964114,-16.10504662],[-57.703967774,-16.105045452],[-57.705657586,-16.104680113],[-57.70524146,-16.10392061],[-57.705239956,-16.103917109],[-57.705239845,-16.103916604],[-57.705237481,-16.103915966],[-57.705233923,-16.103914194],[-57.705230787,-16.103911753],[-57.701348444,-16.100215326],[-57.699299394,-16.100789259],[-57.699295703,-16.100789927],[-57.699291953,-16.100789895],[-57.699288274,-16.100789163],[-57.699284797,-16.100787757],[-57.699281643,-16.100785726],[-57.699278924,-16.100783142],[-57.699276735,-16.100780096],[-57.697517735,-16.097772096],[-57.697517277,-16.0977711],[-57.690539,-16.101354]]]}"
64,cohab velha,-16.0741570,-57.6830680,Cáceres,2026-06-18 20:23:33,2026-06-18 20:23:33,"{""type"":""Polygon"",""coordinates"":[[[-57.67921,-16.073967],[-57.678008,-16.07817],[-57.682343,-16.076563],[-57.682257,-16.077676],[-57.686377,-16.076893],[-57.686505,-16.075698],[-57.687798468,-16.075490297],[-57.687008931,-16.073536986],[-57.687007794,-16.073533052],[-57.687007481,-16.073528969],[-57.687007773,-16.073526713],[-57.687005689,-16.073524972],[-57.687003174,-16.073521811],[-57.687001345,-16.073518209],[-57.685463604,-16.069538996],[-57.68380934,-16.070191605],[-57.683805622,-16.070192669],[-57.683801769,-16.070192999],[-57.683799017,-16.070192699],[-57.683797383,-16.070194652],[-57.683794281,-16.070197134],[-57.68379075,-16.070198954],[-57.680981294,-16.071309646],[-57.680126615,-16.072377497],[-57.68012423,-16.072379999],[-57.68012145,-16.072382053],[-57.68009087,-16.072400792],[-57.67921,-16.073967]]]}"
65,monte verde,-16.0770760,-57.6760000,Cáceres,2026-06-18 20:25:46,2026-06-18 20:25:46,"{""type"":""Polygon"",""coordinates"":[[[-57.67745,-16.080278],[-57.678002888,-16.078189311],[-57.677999362,-16.078188039],[-57.677995944,-16.078185958],[-57.677993009,-16.078183239],[-57.677990674,-16.07817999],[-57.677989032,-16.078176341],[-57.677988149,-16.078172439],[-57.677988061,-16.078168438],[-57.677988771,-16.078164501],[-57.679190771,-16.073961501],[-57.679192568,-16.073957196],[-57.680055857,-16.072422248],[-57.67608745,-16.074854053],[-57.676083817,-16.074855802],[-57.676079907,-16.074856788],[-57.676078338,-16.074856858],[-57.676077154,-16.074859105],[-57.676074656,-16.074862175],[-57.676071602,-16.074864693],[-57.673600128,-16.076520948],[-57.671165456,-16.078613213],[-57.67745,-16.080278]]]}"
66,vila mariana,-16.0794090,-57.6837610,Cáceres,2026-06-18 20:27:10,2026-06-18 20:27:10,"{""type"":""Polygon"",""coordinates"":[[[-57.677364,-16.080843],[-57.686076,-16.082418],[-57.687902151,-16.082543634],[-57.687902432,-16.082540865],[-57.68884517,-16.078079836],[-57.687811204,-16.075521805],[-57.687293558,-16.075591631],[-57.686523259,-16.075715324],[-57.686396886,-16.07689513],[-57.68639617,-16.0768987],[-57.686394819,-16.076902082],[-57.686392877,-16.076905162],[-57.686390409,-16.076907839],[-57.686387496,-16.076910025],[-57.686384235,-16.076911646],[-57.686380734,-16.076912648],[-57.682260734,-16.077695648],[-57.682256677,-16.077695997],[-57.682252633,-16.077695517],[-57.68224877,-16.077694228],[-57.682245248,-16.077692183],[-57.682242214,-16.077689467],[-57.682239793,-16.077686193],[-57.682238084,-16.077682496],[-57.682237161,-16.07767853],[-57.682237059,-16.077674459],[-57.682320652,-16.076592614],[-57.678022528,-16.078185944],[-57.678022763,-16.078187074],[-57.678022834,-16.078190777],[-57.678022222,-16.078194429],[-57.677798375,-16.079040073],[-57.677364,-16.080843]]]}"
67,jardim celeste,-16.0838380,-57.6715650,Cáceres,2026-06-18 20:27:53,2026-06-18 20:27:53,"{""type"":""Polygon"",""coordinates"":[[[-57.666764,-16.087409],[-57.669554,-16.088109],[-57.671871,-16.088109],[-57.675433,-16.087409],[-57.677444556,-16.080297248],[-57.671160335,-16.078632546],[-57.67115664,-16.078631165],[-57.671153289,-16.078629086],[-57.671152217,-16.078628083],[-57.671147731,-16.078626907],[-57.67114746,-16.078628115],[-57.67114573,-16.078631898],[-57.671143254,-16.078635241],[-57.664421372,-16.085973644],[-57.666764,-16.087409]]]}"
68,jardim guanabara,-16.0917620,-57.6699460,Cáceres,2026-06-18 20:34:54,2026-06-18 20:34:54,"{""type"":""Polygon"",""coordinates"":[[[-57.67542687,-16.087430587],[-57.671874857,-16.088128625],[-57.671871,-16.088129],[-57.669554,-16.088129],[-57.669549133,-16.088128399],[-57.666759133,-16.087428399],[-57.666756253,-16.087427439],[-57.666753551,-16.087426053],[-57.664410923,-16.085990697],[-57.664407948,-16.085988447],[-57.664405773,-16.085991532],[-57.663567938,-16.086960818],[-57.663558944,-16.086971552],[-57.664244499,-16.087520387],[-57.664245539,-16.087521279],[-57.665790539,-16.088942279],[-57.665792935,-16.088944914],[-57.665794826,-16.088947931],[-57.665796151,-16.088951236],[-57.66579687,-16.088954723],[-57.66581887,-16.089146723],[-57.665818931,-16.089150656],[-57.665818222,-16.089154525],[-57.665816769,-16.08915818],[-57.665814628,-16.08916148],[-57.665811884,-16.089164297],[-57.665808641,-16.089166523],[-57.665805025,-16.089168071],[-57.664944653,-16.08943987],[-57.667034878,-16.095448147],[-57.667036258,-16.095447642],[-57.668582981,-16.09504664],[-57.668586693,-16.095046043],[-57.668590452,-16.095046151],[-57.668594124,-16.095046961],[-57.668597579,-16.095048443],[-57.668600696,-16.095050547],[-57.668603364,-16.095053196],[-57.668605489,-16.095056298],[-57.668606996,-16.095059743],[-57.669270979,-16.097075656],[-57.669697041,-16.097647371],[-57.669699408,-16.09764678],[-57.669703202,-16.097646572],[-57.669706966,-16.097647086],[-57.672328984,-16.098263162],[-57.673096762,-16.095562531],[-57.673098102,-16.095559074],[-57.673100057,-16.095555925],[-57.673102559,-16.09555319],[-57.673105523,-16.095550964],[-57.673108847,-16.095549323],[-57.673112417,-16.095548324],[-57.67311611,-16.095548],[-57.673119799,-16.095548364],[-57.673121484,-16.09554869],[-57.67542687,-16.087430587]]]}"
69,Jardim uniao,-16.1047370,-57.6835470,Cáceres,2026-06-18 20:35:34,2026-06-18 20:35:34,"{""type"":""Polygon"",""coordinates"":[[[-57.677813169,-16.099735258],[-57.676980835,-16.104114526],[-57.67698157,-16.104114618],[-57.676985372,-16.1041159],[-57.676988842,-16.104117916],[-57.684044189,-16.109226789],[-57.687489841,-16.109115059],[-57.687490825,-16.109112956],[-57.687493188,-16.10910976],[-57.687496136,-16.109107095],[-57.689147439,-16.10788884],[-57.689446217,-16.105878061],[-57.689446901,-16.105875065],[-57.689448036,-16.105872209],[-57.690434801,-16.103855732],[-57.677813169,-16.099735258]]]}"
70,rodeio,-16.0959090,-57.6947430,Cáceres,2026-06-18 20:39:24,2026-06-18 20:39:24,"{""type"":""Polygon"",""coordinates"":[[[-57.693887,-16.095066],[-57.693136,-16.093459],[-57.692943,-16.093562],[-57.691977,-16.09488],[-57.691505,-16.096078],[-57.693479,-16.097063],[-57.694917,-16.096346],[-57.695954526,-16.098550991],[-57.697508142,-16.097753308],[-57.697511619,-16.097751946],[-57.697511462,-16.097751713],[-57.697509922,-16.097747988],[-57.696785842,-16.095331741],[-57.696785015,-16.095326772],[-57.696733374,-16.093990416],[-57.693887,-16.095066]]]}"
71,sao lourenco,-16.0918630,-57.6930340,Cáceres,2026-06-18 20:41:23,2026-06-18 20:41:23,"{""type"":""Polygon"",""coordinates"":[[[-57.688265,-16.090731],[-57.688329,-16.093224],[-57.689831,-16.092997],[-57.692089999,-16.094691994],[-57.692926869,-16.093550177],[-57.692929899,-16.093546889],[-57.692933583,-16.093544355],[-57.693126583,-16.093441355],[-57.693130334,-16.093439819],[-57.693134317,-16.093439071],[-57.693138369,-16.093439141],[-57.693142324,-16.093440026],[-57.693146019,-16.09344169],[-57.693149303,-16.093444065],[-57.69315204,-16.093447054],[-57.693154119,-16.093450532],[-57.693897271,-16.095040739],[-57.696726304,-16.093971707],[-57.696729952,-16.093970711],[-57.696732375,-16.093970523],[-57.696731243,-16.093935259],[-57.69661306,-16.090876932],[-57.696273693,-16.088699246],[-57.694943319,-16.08906628],[-57.694939216,-16.089066963],[-57.69493506,-16.089066783],[-57.694931031,-16.089065747],[-57.694927304,-16.0890639],[-57.69492404,-16.089061322],[-57.694921379,-16.089058124],[-57.694919437,-16.089054445],[-57.694918704,-16.089051869],[-57.688265,-16.090731]]]}"
72,santa cruz,-16.0865740,-57.6910060,Cáceres,2026-06-18 20:42:35,2026-06-18 20:42:35,"{""type"":""Polygon"",""coordinates"":[[[-57.687804,-16.085213],[-57.687997,-16.087933],[-57.688263071,-16.09071086],[-57.69491381,-16.089032477],[-57.694915123,-16.089032277],[-57.694814743,-16.088458144],[-57.694814458,-16.088453959],[-57.694815052,-16.088449806],[-57.694815767,-16.08844786],[-57.694813858,-16.088445302],[-57.69481215,-16.088441684],[-57.692039317,-16.080622096],[-57.690343407,-16.084612822],[-57.690341623,-16.084616121],[-57.690339255,-16.084619028],[-57.690336386,-16.084621443],[-57.690333117,-16.084623279],[-57.690329562,-16.084624473],[-57.690325847,-16.084624982],[-57.690322102,-16.084624789],[-57.690318459,-16.0846239],[-57.690315046,-16.084622347],[-57.690311983,-16.084620184],[-57.688141735,-16.082759714],[-57.687804,-16.085213]]]}"
73,junco,-16.0983320,-57.6886360,Cáceres,2026-06-18 20:44:35,2026-06-18 20:44:35,"{""type"":""Polygon"",""coordinates"":[[[-57.686913,-16.093297],[-57.684338,-16.096367],[-57.683802,-16.09748],[-57.683716,-16.098736],[-57.684252,-16.098798],[-57.681773735,-16.101007191],[-57.690434913,-16.10383473],[-57.690519011,-16.101353323],[-57.690519604,-16.101349122],[-57.690521069,-16.101345141],[-57.690523341,-16.101341558],[-57.690526318,-16.101338535],[-57.690529865,-16.101336208],[-57.695925721,-16.098565781],[-57.695540419,-16.09771789],[-57.694907614,-16.096373028],[-57.693487924,-16.097080898],[-57.693484478,-16.097082235],[-57.693480845,-16.097082915],[-57.693477149,-16.097082914],[-57.693473516,-16.097082233],[-57.69347007,-16.097080896],[-57.69149607,-16.096095896],[-57.691492924,-16.096093943],[-57.691490192,-16.096091443],[-57.691487968,-16.096088483],[-57.691486327,-16.096085164],[-57.691485326,-16.096081599],[-57.691485,-16.09607791],[-57.69148536,-16.096074225],[-57.691486392,-16.096070669],[-57.691958392,-16.094872669],[-57.691960869,-16.094868177],[-57.692078188,-16.094708108],[-57.692077996,-16.094707991],[-57.689825701,-16.093018028],[-57.688331989,-16.093243775],[-57.688328233,-16.093243985],[-57.688324505,-16.093243488],[-57.688320935,-16.093242302],[-57.688317651,-16.093240468],[-57.688314768,-16.093238052],[-57.688312389,-16.093235139],[-57.688310597,-16.093231832],[-57.688309456,-16.093228248],[-57.688309069,-16.093225028],[-57.686913,-16.093297]]]}"
74,maracanazinho,-16.0837760,-57.6837790,Cáceres,2026-06-18 20:45:33,2026-06-18 20:45:33,"{""type"":""Polygon"",""coordinates"":[[[-57.680368,-16.08659],[-57.686613,-16.084241],[-57.687917081,-16.08424494],[-57.688121922,-16.082756986],[-57.688122825,-16.082753203],[-57.688124442,-16.082749666],[-57.688126568,-16.082746712],[-57.687910675,-16.082561635],[-57.687908364,-16.082562644],[-57.687904617,-16.082563481],[-57.687900778,-16.082563587],[-57.686074627,-16.082437953],[-57.686072442,-16.082437681],[-57.681502553,-16.081611513],[-57.680368,-16.08659]]]}"
75,jardim marajoara,-16.0885940,-57.6839630,Cáceres,2026-06-18 20:46:37,2026-06-18 20:46:37,"{""type"":""Polygon"",""coordinates"":[[[-57.679145,-16.092795],[-57.688243675,-16.090715417],[-57.688243162,-16.090712767],[-57.687977091,-16.087934907],[-57.68797705,-16.087934416],[-57.68778405,-16.085214416],[-57.687784187,-16.085210272],[-57.687914328,-16.084264932],[-57.686616608,-16.084261011],[-57.680375041,-16.08660872],[-57.680371263,-16.086609732],[-57.68036736,-16.08660999],[-57.680364143,-16.086609569],[-57.679145,-16.092795]]]}"
76,cidade nova,-16.0955940,-57.6823960,Cáceres,2026-06-18 20:47:28,2026-06-18 20:47:28,"{""type"":""Polygon"",""coordinates"":[[[-57.678654549,-16.096619122],[-57.678655799,-16.096619364],[-57.678659741,-16.096620559],[-57.678663354,-16.096622536],[-57.678666486,-16.096625211],[-57.678669004,-16.096628471],[-57.6786708,-16.096632178],[-57.678671799,-16.096636174],[-57.678671958,-16.09664029],[-57.678671271,-16.096644351],[-57.677818362,-16.099716017],[-57.677819376,-16.099716246],[-57.681754785,-16.101001004],[-57.681755825,-16.100998289],[-57.681757838,-16.100995055],[-57.681760427,-16.100992262],[-57.684205405,-16.098812744],[-57.683713702,-16.098755868],[-57.683709982,-16.098755073],[-57.683706479,-16.098753588],[-57.683703321,-16.098751467],[-57.683700621,-16.098748787],[-57.683698479,-16.098745644],[-57.683696969,-16.098742151],[-57.683696149,-16.098738437],[-57.683696047,-16.098734634],[-57.683782047,-16.097478634],[-57.683782665,-16.097474886],[-57.683783981,-16.097471322],[-57.684319981,-16.096358322],[-57.684322677,-16.096354147],[-57.686897677,-16.093284147],[-57.686900619,-16.093281293],[-57.686904082,-16.093279098],[-57.686907919,-16.093277656],[-57.68691197,-16.093277027],[-57.688308039,-16.093205055],[-57.688308508,-16.093205074],[-57.688245112,-16.090735604],[-57.679149456,-16.092814497],[-57.679145514,-16.092814993],[-57.679142465,-16.092814768],[-57.678654549,-16.096619122]]]}"
77,jardim do trevo,-16.0916860,-57.6769080,Cáceres,2026-06-18 20:48:23,2026-06-18 20:48:23,"{""type"":""Polygon"",""coordinates"":[[[-57.675454808,-16.087405381],[-57.675452245,-16.087414443],[-57.675450928,-16.087417864],[-57.67544901,-16.087420987],[-57.675446554,-16.087423707],[-57.675445818,-16.08742427],[-57.675446697,-16.087427962],[-57.675446817,-16.087432037],[-57.675446109,-16.087436051],[-57.673141192,-16.095552503],[-57.678634873,-16.096615316],[-57.679122627,-16.092812224],[-57.679123463,-16.09280853],[-57.679124979,-16.092805061],[-57.67912657,-16.092802743],[-57.679125412,-16.09279904],[-57.679125,-16.092795088],[-57.679125378,-16.092791132],[-57.680344521,-16.086605701],[-57.680345591,-16.086602097],[-57.680347318,-16.086598756],[-57.680349127,-16.08659645],[-57.680348281,-16.086593338],[-57.680348276,-16.086593273],[-57.675454808,-16.087405381]]]}"
78,santa cruz,-16.0841380,-57.6785390,Cáceres,2026-06-18 20:49:12,2026-06-18 20:49:12,"{""type"":""Polygon"",""coordinates"":[[[-57.681323543,-16.081579151],[-57.677360442,-16.080862681],[-57.677356537,-16.080861555],[-57.67735294,-16.080859664],[-57.6773498,-16.080857084],[-57.677347246,-16.080853923],[-57.677345751,-16.080851022],[-57.677310529,-16.080844575],[-57.675460825,-16.087384109],[-57.680345002,-16.086573543],[-57.680349133,-16.086573291],[-57.680351225,-16.0865736],[-57.681482773,-16.081608297],[-57.681323543,-16.081579151]]]}"
